codigo;nombre;precio
X;X;N
S18_3029;1999 Yamaha Speed Boat;51.610000610351562
S24_2011;18th century schooner;82.339996337890625
S700_1138;The Schooner Bluenose;34
S700_1938;The Mayflower;43.299999237060547
S700_2047;HMS Bounty;39.830001831054688
S700_2610;The USS Constitution Ship;33.970001220703125
S700_3505;The Titanic;51.090000152587891
S700_3962;The Queen Mary;53.630001068115234
S72_3212;Pont Yacht;33.299999237060547